-0.287138712,24.3816658827,6.9056860235999995
1.3220344865,-39.199219833200004,0.7740781111
-0.1734796385,22.4709970366,5.9473605723
1.0205388389,-39.199219833200004,2.0386848552
-0.5048855686,32.913274863,6.6795642879
1.112662509,-39.199219833200004,3.2985059541
1.0827522265,-39.199219833200004,-6.0598232345
0.8805587168,-31.247870333399998,4.1706897918
1.0743773474,-39.199219833200004,-4.2735811636
-0.1399801221,3.2075786953,-9.345168664300001
-1.0516455327,39.199219833200004,-1.7156538042
-1.1306086785,39.199219833200004,4.8203411277
0.3505485109,-2.6273192148,5.7128639575
1.088734283,-39.199219833200004,0.2548356069
-1.0540383553,39.199219833200004,-9.9517491934
-0.0131605243,1.4033904549,6.934399894799999
1.4763715442,-39.199219833200004,-1.2693923893
0.3122633493,-19.765911087299997,-9.4229353988
-0.9188438784,39.199219833200004,-3.5700913192
-1.0205388389,39.199219833200004,6.502495415499999
0.7202396026000001,-30.2524561318,3.9732819273
1.0181460163,-39.199219833200004,-6.2344992843
-0.5096712138,31.1581394859,-8.239684623099999
-1.1449656141,39.199219833200004,4.079762533
0.0023928226,3.0460631697999996,6.550351867499999
1.3471591237999998,-39.199219833200004,-2.3222343333
0.0346959277,-9.714859756,-9.1262253964
0.705882667,-22.109680823999998,5.0081777018
1.2299108163999999,-39.199219833200004,-5.6638110942
-0.3804587934,19.034903783,-8.5615192628
-1.028913718,39.199219833200004,1.2993026717999998
-0.32303105099999996,23.9210475322,7.252645300599999
1.2179467034,-39.199219833200004,-0.5467599640999999
0.27517459899999996,-18.7094799094,-9.2769732202
-0.9176474671,39.199219833200004,-2.8199414341
-0.7968099258,39.199219833200004,6.8350977569
0.9966106129000001,-39.0161689043,2.7266213527
0.9260223462,-39.199219833200004,-7.9824561936
-0.6329015777,39.199219833200004,-6.1555361385
-1.2514462198,39.199219833200004,2.6859433685
-0.2333002035,30.0981190741,5.169693227300001
0.8949156524,-39.199219833200004,3.9290147091999996
0.9547362173999999,-39.199219833200004,-8.4203427294
-0.5527420206,37.9393987343,-6.9786671129
-1.1557333158,39.199219833200004,2.0650059038
0.6305087550999999,-35.090743429,-8.1762748242
-0.777667345,39.199219833200004,-6.4438712618
-1.0552347666,39.199219833200004,4.2879380992
-0.0466600407,3.4552358344000003,6.502495415499999
1.3184452526,-39.199219833200004,-1.5409777544
0.047856452,-8.7302132561,-9.7495556837
-0.9702895642999999,39.199219833200004,-1.7359927963
-0.7645068207,39.199219833200004,7.2394847763
1.1198409768,-39.199219833200004,2.2013967919999997
0.7345965382,-36.272797793399995,-8.070990629799999
-0.7752745223999999,39.199219833200004,-5.9162538785
-1.0073783146,39.199219833200004,5.1254260092
0.12323036389999999,-12.579068408200001,-9.918249677
-0.9906285563999999,39.199219833200004,-1.3316057769
-0.7034898444000001,39.199219833200004,6.880561386299999
1.1102696864,-39.199219833200004,2.1140587671
0.7262216591,-39.199219833200004,-8.720641965699999
-0.789631458,39.199219833200004,-5.6015977066
-1.0301101293000001,39.199219833200004,5.4221360116
0.5204389155,-19.4321123346,4.8227339503
1.1784651305,-39.199219833200004,-5.5142596817000005
-0.4510470601,28.2436815591,-8.2743805508
-1.0707881135,39.199219833200004,4.1312082188999995
0.015553346899999999,7.3794648984,6.699903279999999
1.3124631961,-39.199219833200004,-1.866401628
-0.0646062102,-9.117850517299999,-8.578269021
-1.0085747259,39.199219833200004,-2.9706892578999997
-0.7800601676,39.199219833200004,4.5236311253
0.6795616184,-20.542382020999998,4.7892344339
1.2370892842,-39.199219833200004,-1.4404792052000002
-1.1306086785,39.199219833200004,-7.890332523500001
0.1387837108,10.1886386308,5.74277424
1.2023933565,-39.199219833200004,0.9966106129000001
0.7094719009,-29.6865535869,-9.176474671
-0.7824529901999999,39.199219833200004,-6.212963880899999
-1.040877831,39.199219833200004,2.6847469572
-0.23688943739999999,11.5537439241,7.5182486092000005
1.3316057769,-39.199219833200004,-1.2454641632999999
0.3661018578,-23.350359342100003,-8.717052731799999
-0.8769694829,39.199219833200004,-4.113262049399999
-1.0348957745,39.199219833200004,6.1351971464
0.5874379483000001,-20.8498597251,4.5547378191000005
1.112662509,-39.199219833200004,-4.8478585876
-0.32901310749999996,17.6602271993,-8.6847496267
1.0145567824000001,-39.199219833200004,2.6620151425
0.897308475,-39.199219833200004,-8.1080793801
-0.6807580296999999,39.199219833200004,-6.4031932776
-0.9930213789999999,39.199219833200004,4.6552363683
0.2775674216,-10.168299638699999,5.8193445632000005
1.2346964616,-39.199219833200004,-4.5320060043999995
-0.2524427843,2.0602202586000002,-9.6945207639
-1.0588240005,39.199219833200004,-0.9044869428
-0.6771687957999999,39.199219833200004,6.0526447667
0.9439685157,-39.199219833200004,3.1202406704
0.8685946038000001,-39.199219833200004,-7.9669028467
-0.6472585133,39.199219833200004,-6.293123438
-1.1042876299,39.199219833200004,4.833501652
0.3625126239,-9.619146852,5.7463634739
1.2586246876,-39.199219833200004,-3.3667013982
-0.1734796385,0.622133876,-9.1704926145
-0.8685946038000001,39.199219833200004,0.2847458894
-0.7274180704000001,37.7742939749,6.891329088
-0.5407779076,28.5762839005,-7.3268228012
-1.2622139215000001,-39.199219833200004,-6.400800455
-0.4594219392,39.199219833200004,6.0993048074
0.9619146851999999,-39.199219833200004,3.7890345870999997
1.040877831,-39.199219833200004,-6.699903279999999
-0.42592242280000003,17.4376946975,-7.9046894591
-0.9762716208,39.199219833200004,-0.3266202849
-0.7800601676,39.199219833200004,7.7563344578999995
1.0145567824000001,-39.199219833200004,2.3150558654999998
0.801595571,-39.199219833200004,-7.555337359499999
-0.6580262149999999,39.199219833200004,-7.058826669999999
-1.0743773474,39.199219833200004,4.8466621763
0.227318147,-8.458627890999999,5.789434280699999
1.2705888006,-39.199219833200004,-3.9996029759000002
-0.2620140747,10.8933248865,-8.9276211206
-1.0061819033000001,39.199219833200004,1.6247265454
-0.3026920589,18.3756811567,7.3710900192999995
1.3471591237999998,-39.199219833200004,-2.1308085253
-0.9583254512999999,-6.7058853365,-9.4660062056
0.6616154488999999,-25.4967212143,4.6564327796
1.0301101293000001,-39.199219833200004,-6.9667029999
-0.6053841178,35.6063966993,-7.3292156238
-1.0109675485,39.199219833200004,4.9040899186999996
0.3493520996,-11.5956183196,5.6973106106
1.304088317,-39.199219833200004,-5.0883372589
-0.43190447930000003,18.3792703906,-8.4729848266
-1.0420742423,39.199219833200004,2.6033909887999998
-0.1495514125,12.9379917982,7.0971118315999995
1.3208380752,-39.199219833200004,-2.6524438520999998
-0.0753739119,-1.722832272,-9.2829552767
-0.9906285563999999,39.199219833200004,-0.1148554848
0.9798608547,-39.199219833200004,-6.9009003784
-0.6245266986,-39.199219833200004,-0.0538385085
0.33260234139999995,-22.807188611900003,-9.0975115252
-0.9367900479,39.199219833200004,-2.7337998205
-0.7322037156,39.199219833200004,6.4271215036000005
0.8889335959,-34.5128767711,3.7615171272
-0.9738787981999999,39.199219833200004,-0.2608176634
-0.47856452,37.4369059883,5.7846486355
1.1294122672,-39.199219833200004,2.3150558654999998
0.8243273857,-39.199219833200004,-6.795616184
-0.5359922624,32.2408917124,-7.8149586116
-0.921236701,39.199219833200004,2.548356069
-0.1591227029,9.3810610033,7.094719009
-0.7381857721,39.199219833200004,-5.4831529879
0.09690931529999999,-14.2157590666,-8.9539421692
-0.9176474671,39.199219833200004,-4.0295132584
1.1353943237,-39.199219833200004,5.4484570602
0.5754738353000001,-28.6444793446,4.9148576204
-0.9643075078,39.199219833200004,-0.8985048863
-0.7860422241,39.199219833200004,6.3098731962
0.9188438784,-38.8307251528,3.5724841418
0.9427721043999999,-39.199219833200004,-7.7036923607
-0.5778666579,33.979277331300004,-7.2466632441
-1.0660024683,39.199219833200004,1.8735800958
-0.1746760498,20.490936335100002,7.0193450971
1.2346964616,-39.199219833200004,0.1734796385
0.3864408499,-21.3260314225,-9.1908316066
-0.95712904,39.199219833200004,-3.8656049103
-0.9391828704999999,39.199219833200004,5.3407800432
0.3625126239,-4.9435714916,6.3948183985
1.3256237203999999,-39.199219833200004,-1.040877831
0.3505485109,-22.389641068200003,-8.4239319633
-0.8027919822999999,39.199219833200004,-5.5800623032
-1.0097711372,39.199219833200004,3.8141592244
-0.1040877831,2.7529424013,7.1784678
1.4189438018,-39.199219833200004,-2.1750757434
0.1292124204,-13.265808494399998,-8.9036928946
0.38763726119999997,-9.379864592,5.745167062599999
1.2059825904,-39.199219833200004,-2.9515466771
-0.08614161359999999,1.7276179172000001,-9.233902413400001
-1.07677017,39.199219833200004,-0.7142575461
-0.7357929495000001,39.199219833200004,5.844469200500001
0.945164927,-36.7681120716,3.8213376922
0.9308079913999999,-39.199219833200004,-7.3854469549
-0.49172504429999997,39.199219833200004,-7.621139981
1.2311072277,-39.199219833200004,0.1411765334
0.023928226,3.7495530142,6.3206408979
-0.9032905315,39.199219833200004,-4.8239303616
-0.8817551281,-0.031106693799999998,-9.4444708022
0.753739119,-30.6269328687,4.0618163635
1.0624132344,-39.199219833200004,-7.0337020327
-0.5790630692000001,31.4751884804,-7.3878397775
-1.040877831,39.199219833200004,2.8917261120999997
-0.0658026215,9.6047899164,6.7322063851000005
1.3160524299999998,-39.199219833200004,-2.5507488916
-0.9714859755999999,39.199219833200004,6.065805290999999
0.6640082715,-26.524438520999997,4.2029928969000006
1.0839486378,-39.199219833200004,-6.1567325498
-0.5527420206,31.3052980758,-7.6701928443
-1.0372885971,39.199219833200004,4.6815574169
0.0334995164,3.1022945009000003,6.3601224708
1.3375878334,-39.199219833200004,-2.7661029256000003
-0.1746760498,-1.3148560187,-8.6524465216
-0.9427721043999999,39.199219833200004,-1.184447187
-0.5898307709,38.7230481358,7.5445696578
1.1676974288,-39.199219833200004,0.8267202082999999
0.5455635528,-29.8014090717,-8.8343010392
-0.8913264185,39.199219833200004,-4.2867416879
-0.897308475,39.199219833200004,6.5611195692
0.6771687957999999,-27.5964230458,4.4685962055
1.112662509,-39.199219833200004,-6.1244294447000005
-0.5312066172,28.7569420068,-7.8831540556999995
-1.0133603711,39.199219833200004,2.608176634
0.0275174599,5.3946185517,6.838686990799999
-0.741775006,39.199219833200004,-4.6348973762
-0.8745766603,39.199219833200004,7.2095744938
0.8829515394,-37.003805097699995,2.9443682093000003
0.8111668613999999,-39.199219833200004,-7.9908310727
-0.7812565789,39.199219833200004,-5.952146217499999
-0.9379864592,39.199219833200004,5.9078789994
0.5874379483000001,-22.2831604625,4.6947179412
1.3124631961,-39.199219833200004,-7.0444697344
-0.47377887479999997,19.4321123346,-8.4442709554
-1.0480562988,39.199219833200004,1.3208380752
-0.3744767369,33.3858573265,7.1808606226
1.1162517428999998,-39.199219833200004,2.1954147355
-1.0145567824000001,39.199219833200004,1.0145567824000001
-0.3266202849,26.895326024,6.2967126719
1.1294122672,-39.199219833200004,1.6917255782
0.6915257314000001,-35.4580416981,-7.9106715156
-0.7310073043,39.199219833200004,-6.305087551
-1.1389835576,39.199219833200004,2.6153551018
-0.2081755662,18.769300474399998,6.9822563468
1.1700902514,-39.199219833200004,0.1746760498
0.454636294,-25.136601412999998,-9.299705034899999
-0.8638089586000001,39.199219833200004,-4.2975093896
-0.9391828704999999,39.199219833200004,6.3098731962
0.6891329087999999,-25.148565526000002,4.4578285038
-0.9619146851999999,39.199219833200004,-1.3328021881999998
-0.6400800455,39.199219833200004,7.6235328036
1.1868400096,-39.199219833200004,0.5587240770999999
0.5252245607,-27.5844589328,-8.7984087002
-0.9068797654,39.199219833200004,-4.4015971727
-0.8027919822999999,39.199219833200004,6.3074803736
0.7956135145,-36.035908356,3.888336725
0.9894321450999999,-39.199219833200004,-7.2323063085
-0.4354937132,36.5575436828,-7.0648087265
-1.0480562988,39.199219833200004,2.5746771176
0.514456859,-31.800612354,-8.3258262367
-0.7680960546,39.199219833200004,-5.6183474648
-0.9978070242,39.199219833200004,4.5367916496
0.2584248408,-10.8095760955,6.0969119848
1.3292129543,-39.199219833200004,-3.8261233374
-0.2572284295,8.7134634979,-9.1980100744
0.849452023,39.199219833200004,0.7034898444000001
0.849452023,-39.199219833200004,-7.8628150636
-0.7094719009,39.199219833200004,-5.9629139192
-1.064806057,39.199219833200004,3.7974094662
0.3302095188,3.8548372086000002,6.0263237181000004
1.2729816232,-39.199219833200004,-0.8003991597
0.3684946804,-26.9240398952,-9.0879402348
-0.705882667,39.199219833200004,-5.1541398804
-1.0839486378,39.199219833200004,6.095715573500001
0.5204389155,-18.0251326458,5.1338008883
1.2574282763000002,-39.199219833200004,-4.8753760475
-0.3278166962,20.6476662154,-8.6165541826
-1.1892328322,39.199219833200004,1.2574282763000002
-0.39122649509999996,36.2476731561,5.7499527078
1.1246266219999999,-39.199219833200004,3.8153556357
0.9667003303999999,-39.199219833200004,-7.7300134093
-0.4510470601,26.8522552172,-8.1726855903
-0.9463613382999999,39.199219833200004,-0.1471585899
-0.6305087550999999,37.205998607400005,7.4225357052000005
1.0612168231,-39.199219833200004,2.3868405435
-1.1772687192,39.199219833200004,2.8486553053
-0.2560320182,19.836499354,6.811169530899999
1.2299108163999999,-39.199219833200004,-0.035892339
0.36011980130000004,-19.8640168139,-10.4674024637
-0.9104689993,39.199219833200004,-2.4119651808
-0.8793623055,39.199219833200004,7.094719009
0.9619146851999999,-37.3734961894,3.3750762773
0.8805587168,-39.199219833200004,-6.891329088
-0.6496513358999999,35.318061576,-5.967699564399999
-0.9655039191,39.199219833200004,4.390829471
0.191425808,-12.189038324399998,6.715456626899999
1.3471591237999998,-39.199219833200004,-5.4975099235
-0.41754754369999997,17.291732518899998,-7.349554615900001
-1.1174481541999999,39.199219833200004,1.1712866627
-0.2679961312,25.783859926299996,6.6436719489
1.1509476706000001,-39.199219833200004,1.0600204118
-0.933200814,39.199219833200004,2.1379869930999997
-0.17228322719999997,9.0604227749,7.5984081663000005
1.3100703735,-39.199219833200004,-1.43569356
0.2500499617,-18.7549435388,-8.6668034572
-0.9140582332,39.199219833200004,-3.8632120877
-0.8961120637,39.199219833200004,6.005984725999999
0.7214360139,-26.5675093278,4.4685962055
1.0253244841,-39.199219833200004,-5.5944192388
-0.3720839143,30.3589367375,-8.434699665
-1.0815558152,39.199219833200004,3.4540394231000002
-0.0502492746,8.543573093300001,6.5240308189
-1.0121639598,39.199219833200004,4.1479579771
0.2883351233,-3.5569307949000004,5.7966127485
1.1629117836,-39.199219833200004,-0.5479563754
-0.051445685899999996,1.9968104597,7.740781111
1.375872995,-39.199219833200004,-1.6642081183
0.2931207685,-15.450455528200001,-8.7768732968
-1.0360921858,39.199219833200004,-4.3573299546
0.1292124204,-18.005990065,-9.2183490665
-0.8087740388,39.199219833200004,-4.0785661217
-1.0815558152,39.199219833200004,6.2309100503999995
0.5611168997,-18.4031986166,5.1876393968
1.2610175101999999,-39.199219833200004,-3.7854453531999996
0.7968099258,-31.835308281699998,4.4410787456
1.1748758966000001,-39.199219833200004,-5.4293144793999994
-0.4211367776,14.9539448387,-7.9058858704
-0.9822536772999999,39.199219833200004,-0.27517459899999996
-0.5647061336,34.9256386696,7.7072815945999995
-1.1712866627,39.199219833200004,2.5938196984
-0.19381863059999999,27.5318168356,5.8947184750999995
1.1066804525,-39.199219833200004,2.8677978860999995
0.7944171031999999,-39.199219833200004,-8.1320076061
-0.6113661743,38.859439024,-7.046862557000001
-1.0660024683,39.199219833200004,2.5507488916
-0.7932206919,39.199219833200004,-5.778666579
-1.064806057,39.199219833200004,4.8586262893
0.2500499617,-4.5738803999,6.1040904525999995
1.2873385588,-39.199219833200004,-2.7565316351999996
-0.0753739119,-2.4502503424,4.9866422984
1.2275179938,-39.199219833200004,-5.0476592747
-0.40917266459999996,13.1258283723,-8.1056865575
-1.0313065406,39.199219833200004,-0.1543370577
-0.5802594805,38.091342969399996,7.198806792099999
1.064806057,-39.199219833200004,2.4430718746
-0.2177468566,19.058832009,6.7920269500999995
1.2598210989,-39.199219833200004,0.1160518961
0.4390829471,-28.2508600269,-9.3870430598
-0.8231309743999999,39.199219833200004,-4.5631126982
-0.9607182739,39.199219833200004,5.9078789994
0.5994020613,-21.460029488099998,5.210371211499999
1.208375413,-39.199219833200004,-4.7581277401
-0.3840480273,15.8620210154,-8.2205420423
-1.0061819033000001,39.199219833200004,0.5515456093
-0.3984049629,39.199219833200004,-6.9798635242
-1.0133603711,39.199219833200004,3.5760733757
0.0777667345,1.2346964616,6.646064771500001
1.3531411803,-39.199219833200004,-2.1272192914
0.0263210486,-8.7888374098,-8.2839518412
-1.0133603711,39.199219833200004,-4.1958144290999995
-0.8949156524,39.199219833200004,4.1144584607
0.28115665549999996,-11.676974288,6.8339013456
-1.0013962581,39.199219833200004,6.206981824400001
0.6640082715,-19.3842558826,4.8119662486
1.2179467034,-39.199219833200004,-3.9302111204999997
-0.24167508259999998,9.1429751546,-9.3894358824
-1.0456634762,39.199219833200004,-6.0490555328
-0.4618147618,23.810977692599998,-8.1547394208
-1.004985492,39.199219833200004,1.6522440053
-0.2763710103,18.6305167636,7.6235328036
1.2921242039999998,-39.199219833200004,-0.059820565
0.4211367776,-27.629922562199997,-8.4442709554
-0.8338986760999999,39.199219833200004,-5.1517470578
-1.016949605,39.199219833200004,5.3228338737000005
-0.9487541609,39.199219833200004,-3.0771698636
-0.8446663778000001,39.199219833200004,6.831508523
0.9080761767,-35.6602352078,4.654039957
1.1042876299,-39.199219833200004,-5.9916277904
-0.490528633,19.0971171706,-7.804190909899999
-1.0851450490999999,39.199219833200004,-0.6053841178
-0.4402793584,12.7800655066,-7.0002025163
-1.1234302107,39.199219833200004,-2.3186450994000003
-1.0157531937,39.199219833200004,4.9076791526
0.4366901245,-5.8803615395,5.9437713384
1.4309079148000001,-39.199219833200004,-1.7144573929
0.41276189849999995,-18.5778746664,5.0141597583
1.172483074,-39.199219833200004,2.0566310246999997
0.7322037156,-39.199219833200004,-8.913264185
-0.622133876,39.199219833200004,-6.5898334404
-1.2765708571,39.199219833200004,3.0005995404
-0.1040877831,24.8530519349,6.9595245321
1.1712866627,-39.199219833200004,2.15354034
0.7932206919,-39.199219833200004,-7.6737820782
1.148554848,-39.199219833200004,2.3784656644
0.8470592004,-39.199219833200004,-6.6987068686999995
-0.5503491979999999,28.642086522,-7.8101729664
-1.1832507757,39.199219833200004,1.9357934834
-0.6508477471999999,39.199219833200004,6.0275201294
-1.0301101293000001,39.199219833200004,-1.6307086019
-0.9116654106,39.199219833200004,6.544369811
0.6807580296999999,-28.7066927322,5.210371211499999
1.2777672683999999,-39.199219833200004,-5.0548377425
-0.2548356069,8.5806618436,-9.0628155975
1.1581261384000001,-39.199219833200004,-5.9353964593
-0.382851616,21.290139083499998,-8.422735552
-1.1557333158,39.199219833200004,0.8027919822999999
-0.4881358104,39.199219833200004,6.3493547691
1.0504491214,-39.199219833200004,3.4396824875
0.969093153,-39.199219833200004,-6.3373906561
-0.5012963347,21.777078482599997,-7.6905318364
0.8985048863,-39.199219833200004,-7.281359171799999
-0.5300102059,39.199219833200004,-7.8281191359
-1.2478569859,39.199219833200004,3.8093735792
-0.873380249,39.199219833200004,-6.2584275103
-0.9786644433999999,39.199219833200004,4.1587256788
0.19860427579999998,-7.0121666293,6.4953169477
1.4344971487,-39.199219833200004,-3.3308090592
0.622133876,-19.2837573334,5.3503513336
1.2430713407,-39.199219833200004,-3.5090743428999995
-0.1280160091,-4.6815574169,-8.518448456
-0.8985048863,39.199219833200004,-3.6167513599
-0.9499505722,39.199219833200004,6.5659052144
-1.0827522265,39.199219833200004,-1.0025926694
-0.7082754896000001,39.199219833200004,6.8171515874
0.9882357338,-39.199219833200004,3.11066938
0.9248259349,-39.199219833200004,-7.4368926408
1.2993026717999998,-39.199219833200004,0.8087740388
0.5694917788,-36.0813719854,-7.2598237683999995
-0.6999006105000001,39.199219833200004,-6.9846491694
-1.256231865,39.199219833200004,3.5509487384000002
-0.16151552549999998,25.318455930600003,5.6410792795
1.0301101293000001,-39.199219833200004,3.3990045032999996
0.8829515394,-37.5625291748,-8.5507515611
1.2574282763000002,-39.199219833200004,0.9990034355
0.71784678,-39.199219833200004,-7.154539573999999
-0.6628118601999999,39.199219833200004,-7.5158557866
-1.2526426310999998,39.199219833200004,3.1932217597
-0.3852444386,36.1184607357,5.335994398
0.9894321450999999,-38.7194589019,4.1168512833
-0.789631458,39.199219833200004,5.888736418600001
0.7357929495000001,-29.3168624952,5.7236316592000005
1.2837493249,-39.199219833200004,-5.5094740364999994
0.9008977089,-31.0576409367,4.8179483051
1.3316057769,-39.199219833200004,-4.4697926167999995
-0.17228322719999997,-2.572284295,-8.7349989013
-0.9954142015999999,39.199219833200004,-3.4755748265
-1.1593225497000001,39.199219833200004,5.1708896386
0.2823530668,-1.7766707805,6.5850477951999995
1.3567304141999998,-39.199219833200004,-0.6412764568
-0.0586241537,8.6967137397,6.7920269500999995
1.3435698899,-39.199219833200004,-0.3086741154
0.43788653580000003,-25.926232871,-9.054440718399999
-0.8697910151,39.199219833200004,-5.335994398
-1.0205388389,39.199219833200004,4.5367916496
0.2333002035,-9.633503787599999,6.2117674696
1.3639088819999998,-39.199219833200004,-3.1836504693
0.6293123438,-26.6225442476,5.7020962558
1.3974083984,-39.199219833200004,-5.651846981199999
-0.3266202849,5.6901321428,-7.6785677234
-1.0863414604,39.199219833200004,-2.9156543381000004
0.3553341561,-16.845471104,-10.382457261399999
-0.8291130308999999,39.199219833200004,-3.7734812402
-1.148554848,39.199219833200004,3.8500515634
0.1004985492,1.5146567058,6.987041992
1.3507483577,-39.199219833200004,-1.2047861791
0.16749758199999998,1.2251251712,6.5850477951999995
1.3495519463999999,-39.199219833200004,-0.4295116567
0.4881358104,-28.7042999096,-8.9096749511
-0.8398807326,39.199219833200004,-5.2965128251
-1.2299108163999999,39.199219833200004,3.6442688197999997
-0.1423729447,21.6957225142,5.967699564399999
1.2335000503,-39.199219833200004,3.4588250683
-0.7884350467,39.199219833200004,5.0811587911
0.6460621019999999,-16.8562388057,5.4640104071
1.3998012210000002,-39.199219833200004,-1.7635102562
0.5395814963,-26.2038002926,-8.3306118819
-0.7357929495000001,36.7047022727,-7.8640114749
-1.160518961,39.199219833200004,-0.5204389155
-0.945164927,39.199219833200004,5.7535419417
0.6831508522999999,-19.5266288273,4.8897329831
1.3363914221,-39.199219833200004,-2.165504453
0.1591227029,-18.4498586573,-9.1585285015
-0.8446663778000001,39.199219833200004,-4.6923251185999995
-1.1306086785,39.199219833200004,5.404189842099999
0.2967100024,-4.7258246349999995,5.8408799666
1.411765334,-39.199219833200004,-0.7645068207
0.4606183505,-33.639496522099996,-8.5854474888
-0.19381863059999999,14.641681489400002,7.444071108599999
1.2538390423999999,-39.199219833200004,-0.051445685899999996
0.538385085,-22.6827618367,-9.353543543399999
-0.9116654106,39.199219833200004,-4.643272255299999
-0.9248259349,39.199219833200004,5.6027941179
0.5168496816,-21.9828612262,5.407779076
1.2454641632999999,-39.199219833200004,-5.5166525043000005
-0.3900300838,19.0959207593,-8.3365939384
-1.0743773474,39.199219833200004,1.4177473905
-0.2787638329,19.4739867301,8.2743805508
1.3686945272,-39.199219833200004,-1.0576275892
0.2775674216,-22.0953238884,-8.352147285300001
0.2021935097,-2.8019952646,6.1806607758
1.3016954943999999,-39.199219833200004,-3.3535408739
-0.035892339,-3.8321053939,-8.983852451699999
-1.0193424276,39.199219833200004,-1.2981062605
-0.8338986760999999,39.199219833200004,6.8183479987
0.8506484343,-33.1944315185,4.0283168471
1.0109675485,-39.199219833200004,-6.369693761200001
-0.442672181,29.3563440681,-8.236095389199999
-1.0899306943,39.199219833200004,2.87138712
-0.15672988029999999,11.0512511781,7.0851477186
1.3244273091,-39.199219833200004,-0.8111668613999999
0.1782652837,-14.4981121334,-10.1072826624
0.32303105099999996,-9.9792666533,6.0693945249
-0.8159525066,39.199219833200004,6.080162226600001
0.7908278692999999,-37.1354103407,4.3381873738
1.088734283,-39.199219833200004,-7.4584280442
-0.49531427819999996,31.5565444488,-7.0025953389
1.1162517428999998,-39.199219833200004,1.7024932798999999
0.6484549246,-37.9932372428,-8.626125473
-0.7010970218,39.199219833200004,-6.2428741634
-1.064806057,39.199219833200004,5.1864429855
0.3852444386,-13.7084806754,6.0107703712000005
1.3328021881999998,-39.199219833200004,-4.8741796362
-0.33858439789999994,16.053446823399998,-9.0759761218
-1.1054840412,39.199219833200004,1.4033904549
-0.32303105099999996,24.502503424,7.240681187599999
1.2311072277,-39.199219833200004,-0.0095712904
0.3397808092,-19.4883436657,-10.0785687912
-0.8817551281,39.199219833200004,-2.5160529638999996
-0.8338986760999999,39.199219833200004,7.1365934045
1.0037890807,-37.0672148966,3.0137600647
0.7872386353999999,-39.199219833200004,-7.226324252
-0.5682953675,39.199219833200004,-7.130611348
-1.064806057,39.199219833200004,4.8083770147
0.2344966148,-6.3457655352,5.8049876276
-0.9284151688,39.199219833200004,-3.2925238975999997
-0.7968099258,39.199219833200004,6.496513359000001
0.7932206919,-36.7992187654,3.9756747499
0.9547362173999999,-39.199219833200004,-7.5948189324
-0.6496513358999999,39.199219833200004,-6.769295135399999
-0.9942177902999999,39.199219833200004,4.0809589443
0.3038884702,-22.1766798568,-9.2793660428
-0.8817551281,39.199219833200004,-3.3152557123
-0.8219345630999999,39.199219833200004,6.9906312259000005
0.8745766603,-39.199219833200004,3.3200413575
0.933200814,-39.199219833200004,-7.317251510799999
-0.6951149653,39.199219833200004,-6.9966132824
-0.9858429111999999,39.199219833200004,3.0915267992
-0.0346959277,7.5062844962,7.0935225977
1.2538390423999999,-39.199219833200004,-1.7048861025
0.09690931529999999,-4.378865358,-9.7423772159
-0.9547362173999999,39.199219833200004,-1.6474583601
1.1174481541999999,-39.199219833200004,-4.926821733400001
-0.40558343069999997,23.7176576112,-8.846265152199999
-1.0265208954,39.199219833200004,3.2111679291999997
-0.1112662509,5.375475970899999,6.9140609027
1.3806586402,-39.199219833200004,-1.962114532
-0.9320044027,39.199219833200004,5.5561340772
0.6185446421,-20.9276264596,4.9854458871
1.0624132344,-39.199219833200004,-4.3118663252
-0.3122633493,17.6961195383,-9.064012008799999
-1.0313065406,39.199219833200004,1.0731809361
-0.4211367776,30.8279299671,7.2047888486
1.0624132344,-39.199219833200004,2.1858434451
0.7429714173,-39.199219833200004,-8.2636128491
-0.6592226263,39.199219833200004,-6.435496382699999
-1.1389835576,39.199219833200004,3.8691941442
-0.08614161359999999,13.250255147499999,6.7166530382000005
1.2143574695,-39.199219833200004,-0.0658026215
0.3266202849,-17.1242349369,-10.3346008094
0.22492532440000002,39.199219833200004,-3.1429724850999996
-0.8255237969999999,39.199219833200004,5.9114682333
-0.2009970984,6.272784445899999,-9.4588277378
1.1880364209,-39.199219833200004,-8.155935832099999
-0.6340979889999999,39.0305258399,7.363911551499999
1.0707881135,-39.199219833200004,2.3772692530999997
0.6412764568,-39.199219833200004,-7.226324252
-0.5850451257,39.199219833200004,-7.5696942951
-0.9619146851999999,39.199219833200004,4.9591248385
0.2105683888,-12.4582308669,6.232106461699999
1.2981062605,-39.199219833200004,-4.2795632201
-0.33260234139999995,12.8351004264,-9.0305124924
-0.9774680320999999,39.199219833200004,1.7204394494000002
-0.2667997199,16.8035967085,7.4763742137
1.3100703735,-39.199219833200004,-1.2897313814
0.0669990328,-11.521440818999999,-9.0233340246
0.5479563754,-17.9007058706,5.3204410510999995
-0.6759723845,39.199219833200004,6.8063838857
-0.33499516399999996,6.8063838857,-9.5617191096
-0.9140582332,39.199219833200004,-0.7812565789
-0.6496513358999999,37.5170655454,-8.542376681999999
-1.0157531937,39.199219833200004,1.3698909385
-0.2883351233,23.5776774891,7.3866433661999995
1.232303639,-39.199219833200004,-0.0490528633
-1.0001998468,-18.8016035795,-9.7663054419
0.2500499617,-10.3752787936,5.856433313499999
1.1868400096,-39.199219833200004,-3.7770704741
-0.3182454058,10.0402836296,-9.1322074529
-0.9918249677,39.199219833200004,0.5575276658
-0.466600407,30.5383984325,7.473981391100001
1.1437692028,-39.199219833200004,2.5567309481
0.4941178669,-32.340193850300004,-8.1750784129
-0.71784678,39.199219833200004,-6.0574304119
-0.8913264185,39.199219833200004,6.3373906561
0.6699903279999999,-28.1467722438,4.3405801963999995
1.0636096457,-39.199219833200004,-5.168496815999999
-0.5587240770999999,23.856441322,-7.7563344578999995
-0.9726823869,39.199219833200004,1.567298803
-0.2907279459,20.8247350878,7.0983082429
1.3328021881999998,-39.199219833200004,0.131605243
0.4414757697,-30.859036660900003,-6.9583281208
-0.7238288365000001,39.199219833200004,-6.7884377162
-0.933200814,39.199219833200004,3.9553357578
0.6472585133,-31.359136584299996,-10.2783694783
-0.753739119,39.199219833200004,-4.9423750803
-1.0731809361,39.199219833200004,4.8765724588
0.3026920589,-5.9030933542,6.2787665024
1.1820543644000001,-39.199219833200004,-2.8498517166
-0.1220339526,7.9238320399,-9.9744810081
-1.0791629926,39.199219833200004,0.6616154488999999
-0.4450650036,34.4710023756,6.7896341275
1.1234302107,-39.199219833200004,1.6510475939999998
0.5694917788,-28.2759846642,-10.0953185494
-0.8303094421999999,39.199219833200004,-3.4480573666
-0.8434699665000001,39.199219833200004,6.4594246087
0.9403792818,-39.199219833200004,4.2939201557
0.969093153,-39.199219833200004,-6.975077879
-0.5551348432,23.3647162777,-8.2097743406
1.0348957745,39.199219833200004,0.3649054465
-0.5096712138,28.4937315208,6.7633130788999996
1.0432706536,-39.199219833200004,2.2169501389
-0.9583254512999999,-39.199219833200004,-8.5208412786
-0.3397808092,21.5509567469,7.8305119585
1.2550354537,-39.199219833200004,-0.0801595571
0.3672982691,-20.240886373400002,-9.7220382238
-0.9164510558,39.199219833200004,-4.3573299546
-0.9343972253,39.199219833200004,4.9710889515
0.2715853651,-17.8612242977,6.502495415499999
1.2753744458,-39.199219833200004,-4.1850467274
-0.21894326790000002,7.872386354,-9.055637129700001
-0.9475577495999999,39.199219833200004,-0.12681959780000002
-0.5682953675,34.6265358446,7.5696942951
1.1162517428999998,-39.199219833200004,1.5385849318
-1.0325029519,39.199219833200004,3.6035908356
-0.062213387599999996,6.4187466245,6.839883402099999
1.2598210989,-39.199219833200004,-1.9190437251999999
0.0011964113,-6.0885371056999995,-9.7686982645
-0.9140582332,39.199219833200004,-1.1461620254
-0.7441678286,39.199219833200004,7.183253445199999
0.9846464999,-39.199219833200004,2.5220350203999997
0.6867400861999999,-38.057843453,-8.4885381735
-0.6903293201,39.199219833200004,-6.1232330334
-0.9702895642999999,39.199219833200004,5.5848479484
0.41754754369999997,-17.5920317552,5.2618168974
1.1186445655,-39.199219833200004,-4.4434715682
-0.3182454058,18.6795696269,-9.1429751546
-0.9631110964999999,39.199219833200004,2.6644079651
-0.1519442351,13.7958187003,7.1796642112999995
1.2765708571,-39.199219833200004,-0.8398807326
0.16869399329999998,-20.0841564931,-9.631110965
-0.7812565789,39.199219833200004,-3.1669007111
-0.8482556117000001,39.199219833200004,7.0803620734
0.9284151688,-39.0879535823,3.2817561959000003
-1.0025926694,-39.199219833200004,-6.2823557362999995
-0.3852444386,31.351958116499997,6.5587267466
1.0863414604,-39.199219833200004,1.5720844482
0.5132604477,-29.1469720906,-9.7316095142
-0.7740781111,39.199219833200004,-4.3944187049
-0.8925228298,39.199219833200004,6.2404813408
0.6580262149999999,-27.9756854279,4.7964129017
1.0193424276,-39.199219833200004,-5.7942199259
-0.4642075844,26.7780777166,-9.6239324972
-1.0277173067,39.199219833200004,1.9824535241
-0.215354034,23.682961683499997,5.844469200500001
1.1473584366999998,-39.199219833200004,2.1044874766999997
-0.9631110964999999,-38.6692096273,-7.7587272805
-0.1974078645,19.8508562896,7.1772713886999995
1.1377871463,-39.199219833200004,0.1603191142
0.4019941968,-18.0382931701,-9.9122676205
-0.9415756931,39.199219833200004,-3.6047872469
-0.7824529901999999,39.199219833200004,5.6027941179
0.6675975054,-32.3162656243,5.057230565099999
0.933200814,-39.199219833200004,-6.533602109299999
-0.5395814963,35.3072938743,-7.969295669299999
-0.9798608547,39.199219833200004,4.2412780585
0.1710868159,-4.8957150396,6.3469619465000005
1.2837493249,-39.199219833200004,-4.043870194
-0.35413774480000004,14.0111727343,-9.497112899400001
-1.0420742423,39.199219833200004,1.7479569093
-0.20458633229999998,22.7617249825,7.267002236200001
1.1976077113,-39.199219833200004,-0.2177468566
0.2117648001,-18.1950230504,-9.229116768199999
-0.8949156524,39.199219833200004,-3.0161528873
-0.6951149653,39.199219833200004,6.197410534
-0.36969109170000003,11.8265257005,-8.9072821285
-0.9248259349,39.199219833200004,1.1174481541999999
-0.2823530668,24.720250280600002,7.5134629639999995
1.2335000503,-39.199219833200004,0.2835494781
0.3421736318,-27.6538507882,-8.1882389372
-0.8051848049,39.199219833200004,-5.0189454035
1.2406785181,-39.199219833200004,-2.1738793321000003
-0.021535403399999997,-9.5258267706,4.9674997176
-0.981057266,-39.199219833200004,-2.6356940939
-0.7968099258,39.199219833200004,5.8648081926
0.7381857721,39.199219833200004,-0.6520441585
0.9487541609,-39.199219833200004,-5.7188460139999995
-0.4354937132,29.682964353,-8.9096749511
-0.9954142015999999,39.199219833200004,3.2542387359999996
-0.0334995164,5.1613183482,6.673582231399999
1.2179467034,-39.199219833200004,-1.7611174336
-0.0933200814,-4.347758664200001,-10.063015444300001
-0.9260223462,39.199219833200004,-0.21415762270000002
-0.5766702466,33.7160668453,7.708478005899999
-0.5587240770999999,35.5585402473,-7.9609207902
-0.9678967417,39.199219833200004,3.4959138186
0.12083754129999999,0.7250252478,6.7070817478
1.3076775509,-39.199219833200004,-2.7936203855
-0.1639083481,-3.0652057506,-9.7567341515
-0.9750752094999999,39.199219833200004,-1.5110674719
-0.7405785947,39.199219833200004,6.3673009386
0.6819544409999999,-32.7996157895,4.9483571368
0.9762716208,-39.199219833200004,-5.3431728658
-0.3672982691,25.4620252866,-8.9802632178
1.0265208954,39.199219833200004,2.0327027987
0.7034898444000001,-38.057843453,-8.1726855903
-0.7226324252,39.199219833200004,-6.658028884499999
-0.9355936366,39.199219833200004,5.983252911299999
0.5108676251000001,-23.7595320067,5.2785666556
1.07677017,-39.199219833200004,-5.528616617299999
-0.49770710079999997,28.8047984588,-8.463413536200001
-0.969093153,39.199219833200004,3.2578279699
0.0059820565,2.99102825,6.7393848529
1.2394821068,-39.199219833200004,-3.158525832
-0.1746760498,8.7673020064,-10.1647104048
-1.0133603711,39.199219833200004,1.8197415872999998
0.7752745223999999,-39.199219833200004,-8.226524098799999
-0.7680960546,39.199219833200004,-5.389832906500001
-1.0384850084,39.199219833200004,4.8658047571
0.2715853651,-7.1449682836,6.0107703712000005
1.1437692028,-39.199219833200004,-2.0757736055
-0.0945164927,-2.9814569596,-9.6143612068
-0.8171489179,39.199219833200004,-1.3567304141999998
-0.6963113766000001,38.0602362756,7.3292156238
1.1294122672,-39.199219833200004,1.8831513862
0.5623133109999999,-32.793633733,-8.5675013193
-0.753739119,39.199219833200004,-5.4484570602
-0.8231309743999999,39.199219833200004,6.3158552527000005
0.0095712904,0.6077769404,-10.145567823999999
-1.0336993632,39.199219833200004,-0.0370887503
-0.6173482308,39.199219833200004,6.4414784392
-0.8518448456000001,39.199219833200004,0.14476576730000001
0.7728816998,-39.199219833200004,-7.1940211469
1.1533404932,-39.199219833200004,0.7214360139
-1.0396814197,39.199219833200004,3.8500515634
0.0586241537,1.4787643668000001,6.6053867873000005
1.2550354537,-39.199219833200004,-2.2085752598
-0.0981057266,1.998006871,-10.0701939121
-0.9391828704999999,39.199219833200004,0.0526420972
-0.47138605219999996,31.4153679154,7.2346991311
1.1772687192,-39.199219833200004,0.586241537
-0.9894321450999999,39.199219833200004,4.2867416879
0.2344966148,-8.0434731699,6.1686966628
1.2346964616,-39.199219833200004,-4.7629133853
1.1174481541999999,-39.199219833200004,1.6331014245
0.5599204884,-34.9076925001,-7.8376904263
0.0071784678,39.199219833200004,-5.649454158599999
1.1784651305,-39.199219833200004,-1.2155538808
-0.0059820565,-8.4610207136,-9.7196454012
-0.9032905315,39.199219833200004,-1.0396814197
-0.6329015777,24.6963220546,-8.1176506705
-0.9714859755999999,39.199219833200004,2.2947168733999996
-0.1495514125,16.5930283197,7.0995046541999995
1.2610175101999999,-39.199219833200004,0.8937192411
-0.16151552549999998,22.0331105008,6.492924125099999
1.0456634762,-39.199219833200004,2.0470597343
0.71784678,-29.1589362036,-9.8811609267
-0.8003991597,39.199219833200004,-5.252245607000001
-0.9415756931,39.199219833200004,4.3298124947
0.24287149389999999,-11.803793885800001,6.7920269500999995
-0.9152546444999999,39.199219833200004,6.419943035799999
0.7034898444000001,-33.4684097062,4.4422751569
1.040877831,-39.199219833200004,-6.385247108100001
-0.5575276658,31.870004209399998,-8.2731841395
0.6185446421,-36.5611329167,-8.062615750700001
-0.7465606512,39.199219833200004,-5.898307709
-1.0396814197,39.199219833200004,4.030709669699999
0.1100698396,3.2805597846,6.412764568
1.1880364209,-39.199219833200004,-1.1796615418
0.4701896409,-20.7553432324,5.169693227300001
1.2000005339,-39.199219833200004,-4.043870194
-0.287138712,8.7230347883,-9.2925265671
-0.9188438784,39.199219833200004,-0.1256231865
-0.5718846014,35.0763864934,7.4644101007
1.1330015010999999,-39.199219833200004,1.6211373115
-0.23928226,29.168507494,6.2057854131
1.1377871463,-39.199219833200004,3.2673992603000004
0.7908278692999999,-37.938202323,-7.3304120351
-0.5204389155,16.2556403331,-7.0360948553
-1.1509476706000001,39.199219833200004,-2.5399811898999998
-1.3100703735,39.199219833200004,4.677968183
0.044267218100000005,13.4943230527,5.7523455304
-1.2681959779999998,39.199219833200004,1.5888342063999998
-0.8243273857,39.199219833200004,6.7310099738
0.8530412569000001,-28.638497288099998,5.9569318627
1.3782658175999998,-39.199219833200004,-3.7052857961
0.0933200814,-14.3377930192,-9.1680997919
-0.8662017812,39.199219833200004,-4.4673997942
0.44985064880000003,-24.343380721099997,-8.9324067658
-0.8267202082999999,39.199219833200004,-6.343372712599999
-1.1222337994,39.199219833200004,0.33140593009999997
-0.8422735552,39.199219833200004,6.2979090831999995
-1.1054840412,39.199219833200004,-2.0590238472999998
-1.2717852119000002,39.199219833200004,3.8500515634
-0.31944181709999997,20.1619232276,7.2478596554
1.1940184774,-39.199219833200004,2.1798613886
0.8877371846000001,-39.199219833200004,-6.8602223942
-0.3900300838,24.7525533857,-8.9515493466
-1.1306086785,39.199219833200004,1.6271193679999998
-0.5276173833,34.012776847699996,6.7070817478
-1.0851450490999999,39.199219833200004,2.1738793321000003
-0.34815568830000004,22.065413605899998,7.4045895357
1.2227323486,-39.199219833200004,0.4534398827
0.5587240770999999,-28.813173337899997,-9.1944208405
-0.8147560952999999,39.199219833200004,-5.0883372589
0.1459621786,-14.368899713000001,-9.6813602396
-1.0013962581,39.199219833200004,-2.5770699402
-0.9702895642999999,39.199219833200004,5.4029934308
0.5407779076,-18.5048935771,5.5298130286000005
1.2526426310999998,-39.199219833200004,-3.6705898684
0.6999006105000001,-29.563323222999998,5.036891573
1.2490533972,-39.199219833200004,-4.4183469309
-0.2907279459,9.9433743143,-9.2554378168
-1.0061819033000001,39.199219833200004,-1.8939190879
-0.8638089586000001,39.199219833200004,5.8971112976999995
0.6185446421,-29.288148623999998,5.2366922601
1.2478569859,-39.199219833200004,-5.1361937109
-0.31944181709999997,11.5465654563,4.7294138689
1.1078768638,-39.199219833200004,-6.4857456573
-0.5072783912000001,21.829720579800004,-7.8029944985999995
-1.0205388389,39.199219833200004,-0.0287138712
-0.6017948839,39.199219833200004,6.8638116281
1.0253244841,-39.199219833200004,3.3080772444999997
0.9200402897,-39.199219833200004,-6.4761743669
0.9188438784,-39.199219833200004,4.0151563228
0.9511469834999999,-39.199219833200004,-8.7996051115
-0.6089733517,39.0305258399,-7.0624159039
-1.0588240005,39.199219833200004,2.5651058272
-0.1651047594,17.4628193348,7.6869426025
-1.1629117836,39.199219833200004,4.4877387863000004
-0.2333002035,26.364119406799997,5.7092747236
1.0420742423,-39.199219833200004,4.8406801198
1.1377871463,-39.199219833200004,-7.4691957459
-0.1806581063,9.5653083435,-8.8905323703
1.2909277927,-39.199219833200004,-4.2197426551
-0.015553346899999999,-5.1673004047,-10.1395857675
-0.9822536772999999,39.199219833200004,-2.6249263922
-1.0971091621,39.199219833200004,4.7784667322
0.3098705267,-4.5355952383,6.4474604957
1.3854442854000002,-39.199219833200004,-0.9966106129000001
0.5527420206,-23.6219447072,-9.8644111685
1.2023933565,-36.2309233979,2.8175486115
1.1569297271,-39.199219833200004,-4.8370908858999995
0.11844471869999999,1.8484554585000001,-10.917253112500001
-1.0456634762,39.199219833200004,-2.0350956213
0.2656033086,-22.2161614297,-10.585847182399998
-0.7836494015,39.199219833200004,-4.2340995907
-1.2047861791,39.199219833200004,5.276173833
0.17706887240000002,-4.6791645943,6.8123659422000005
1.3447663012,-39.199219833200004,-2.1391834043999998
0.0981057266,-9.229116768199999,-10.468598875
-1.0109675485,39.199219833200004,-1.1748758966000001
0.2201396792,-17.6901374818,-9.0676012427
-0.7932206919,39.199219833200004,-5.583651537100001
-1.148554848,39.199219833200004,3.3056844219
-0.7094719009,34.0761866466,7.5768727629
0.9702895642999999,-31.2538523899,4.1910287839
1.2035897678,-39.199219833200004,-4.527220359199999
0.6508477471999999,-22.0343069121,5.681757263700001
1.4153545679,-39.199219833200004,-1.5924234403000002
0.34576286570000003,-26.166711542299996,-9.3116691479
-0.6903293201,39.199219833200004,-6.951149653
-1.1533404932,-34.919656613099995,-8.9874416856
-0.6496513358999999,39.199219833200004,-6.2823557362999995
-1.1820543644000001,39.199219833200004,2.6931218363
-0.5300102059,30.2751879465,6.5479590449
-0.9834500885999999,39.199219833200004,-0.969093153
-0.7932206919,39.199219833200004,7.0408805005
0.909272588,-39.199219833200004,4.2795632201
-0.7238288365000001,39.199219833200004,5.6769716185
0.8721838377000001,-36.7681120716,5.0213382261
1.0037890807,-39.199219833200004,-6.6664037636
-0.3661018578,27.242285301,-8.8103728132
-1.0719845248,39.199219833200004,2.0362920326
-0.3086741154,22.4937288513,7.378268487100001
1.1569297271,39.199219833200004,3.6382867633
0.0263210486,1.2861421475,6.7525453772
1.2825529136,-39.199219833200004,-1.1964113
0.10289137179999999,-12.961920024200001,-9.3140619705
-0.8506484343,39.199219833200004,-3.2997023654
-0.8662017812,39.199219833200004,6.7022961026
-1.004985492,39.199219833200004,-0.5467599640999999
-0.6269195211999999,39.199219833200004,6.6209401342000005
0.9583254512999999,-39.199219833200004,3.3798619225
0.7944171031999999,-39.199219833200004,-7.6869426025
-0.6580262149999999,39.199219833200004,-7.1796642112999995
-1.0181460163,39.199219833200004,4.2616170506
-0.051445685899999996,10.181460163,6.6771714653
-0.9750752094999999,39.199219833200004,4.0510486617999995
0.1148554848,3.8751762007000004,6.3062839623
1.3770694063,-39.199219833200004,-0.0251246373
0.5347958510999999,-33.619157529999995,-8.169096356399999
1.0372885971,-39.199219833200004,3.2506495021
0.8338986760999999,-38.5088905131,-8.2205420423
-0.5479563754,35.300115406500005,-8.5818582549
-1.0671988796,39.199219833200004,2.3365912689
-0.3361915753,23.060827807499997,7.3423761481
1.2119646469,-39.199219833200004,1.5182459396999999
0.5587240770999999,-30.6927354902,-8.5507515611
1.2155538808,-39.199219833200004,0.35413774480000004
0.36370903520000003,-20.2301186717,-9.6131647955
-0.9284151688,39.199219833200004,-4.3800617693
-0.8745766603,39.199219833200004,5.1014977832
0.3720839143,-17.156538042,6.425925092299999
1.2418749294,-39.199219833200004,-3.7986058774999996
0.8027919822999999,-33.1023078484,4.4554356812
1.040877831,-39.199219833200004,-5.4987063348
-0.3888336725,21.846470338,-9.7710910871
-0.9978070242,39.199219833200004,1.0121639598
-0.4103690759,30.14956476,6.6364934811000005
-1.0145567824000001,39.199219833200004,1.8532411037
-0.1830509289,19.4404872137,6.9009003784
1.1449656141,-39.199219833200004,0.7621139981
0.4295116567,-22.9663113148,-9.6083791503
-0.9164510558,39.199219833200004,-4.594219392
-0.047856452,-5.6099725857,-9.4301138666
-0.9547362173999999,39.199219833200004,-1.9393827173
-0.7190431913,39.199219833200004,6.5108702946
0.8901300072,-38.0674147434,4.0295132584
0.8673981925,-39.199219833200004,-6.592226263000001
-0.5288137946,35.170902986099996,-8.1009009123
-1.028913718,39.199219833200004,3.0364918793999998
-0.7704888772,39.199219833200004,-6.9164537253
-0.9702895642999999,39.199219833200004,3.2159535744
-0.051445685899999996,6.029912952,7.0169522744999995
1.2586246876,-39.199219833200004,-0.7716852885
0.1842473402,-15.2638153654,-9.5174518915
1.1940184774,-39.199219833200004,-3.0520452262999997
-0.1040877831,0.5096712138,-10.2604233088
-1.0456634762,39.199219833200004,-1.244267752
-0.7956135145,39.199219833200004,5.3611190353
0.6628118601999999,-26.921647072600003,5.3168518172
1.0719845248,-39.199219833200004,-4.1946180178
-0.179461695,12.268001470200002,4.3980079388
1.0564311779,-39.199219833200004,-5.5932228275
-0.42831524540000004,21.616759368399997,-8.9359959997
-0.9846464999,39.199219833200004,1.0504491214
-0.5790630692000001,36.4977231178,-7.8532437732
-1.0277173067,39.199219833200004,2.5136601413
-0.0765703232,15.0963177834,7.0289163875
1.351944769,-39.199219833200004,1.9310078382
-0.4247260115,33.3176618824,6.2021961791999995
0.9152546444999999,-39.199219833200004,4.6037906824000006
1.1784651305,-39.199219833200004,-4.5690947547
-0.022731814700000002,-8.538787448099999,-9.3870430598
-0.8925228298,39.199219833200004,-6.452246140900001
-1.2921242039999998,39.199219833200004,3.0173492985999997
-0.5551348432,35.676984966,6.0167524277
-1.0372885971,39.199219833200004,-1.4991033588999998
-0.9906285563999999,39.199219833200004,5.7367921835
0.40319060809999996,-13.241880268400001,6.3720865838
1.351944769,39.199219833200004,4.486542375
0.2177468566,7.6917282476999995,5.7631132321
1.2514462198,-39.199219833200004,1.6366906583999998
0.7465606512,-35.7523588779,-9.4289174553
-0.6412764568,39.199219833200004,-6.838686990799999
-1.0564311779,39.199219833200004,2.2683958248
-0.7094719009,39.199219833200004,-6.7310099738
-1.0612168231,39.199219833200004,4.4841495524
0.08853443620000001,3.9649070482,6.6245293681
1.2059825904,-39.199219833200004,-0.4845465765
0.2297109696,-17.8911345802,-9.852447055499999
-0.8362914987,39.199219833200004,-3.6717862797
-0.8913264185,39.199219833200004,6.0143596051
0.7609175868,-27.3212484468,4.8717868136
1.0660024683,-39.199219833200004,-4.5212383027000005
-0.24047867129999997,7.890332523500001,-9.9493563708
-1.0301101293000001,39.199219833200004,-1.579262916
-0.8757730716000001,39.199219833200004,5.8133625067
0.6556333924,-27.6047979249,5.321637462399999
1.1413763801999999,-39.199219833200004,-4.6289153197
-0.2596212521,13.286147486499999,-9.811769071299999
-1.0420742423,39.199219833200004,0.0071784678
-0.5503491979999999,39.199219833200004,6.3481583578
0.909272588,-39.199219833200004,3.6406795858999996
0.8195417405,-39.199219833200004,-8.128418372199999
-0.6699903279999999,39.199219833200004,-7.0169522744999995
1.2251251712,-39.199219833200004,-0.0370887503
0.3098705267,-21.5736885616,-9.2781696315
-0.8291130308999999,39.199219833200004,-4.031906081
-0.8327022648,39.199219833200004,-9.621539674600001
0.873380249,-38.9013134195,3.1525437755
0.7740781111,-39.199219833200004,-7.155735985300001
-0.6819544409999999,39.199219833200004,-6.9906312259000005
-0.8985048863,39.199219833200004,5.6398828682
0.5288137946,-23.1756832923,5.0189454035
1.0827522265,-39.199219833200004,-5.74277424
-0.5527420206,30.848268959200002,-8.0949188558
1.1090732750999999,-39.199219833200004,1.1653046062
0.3900300838,-27.397818769999997,-9.4827559638
-0.8398807326,39.199219833200004,-3.5126635768
-0.71784678,39.199219833200004,7.094719009
1.1282158559,-39.199219833200004,2.2935204621
0.7034898444000001,-39.199219833200004,-7.1808606226
-0.7381857721,39.199219833200004,-6.4055861002
-0.8003991597,39.199219833200004,3.8033915226999997
0.1890329854,-11.0321085973,6.686742755699999
1.2945170266,-39.199219833200004,-3.8392838617
-0.2943171798,7.5218378431,-9.1346002755
-0.9032905315,39.199219833200004,-0.3242274623
-0.3780659708,31.0301234768,7.348358204599999
-0.6041877065,38.5974249493,-7.9896346614
-0.9655039191,39.199219833200004,4.0115670889
0.1471585899,-0.2021935097,6.5730836822
1.2179467034,-39.199219833200004,-1.3818550514999999
0.051445685899999996,-14.476576730000001,-9.3009014462
-0.7645068207,39.199219833200004,-3.3918260355000003
-0.897308475,39.199219833200004,6.4785671895
0.8099704500999999,-28.868208257699997,4.3692940676
0.9415756931,-39.199219833200004,-3.4348968423
-0.28953153460000003,14.204991364899998,-10.034301573099999
-0.8829515394,39.199219833200004,0.7094719009
-0.5407779076,32.7948301443,7.274180704
1.0995019847,-39.199219833200004,1.8209379986
0.5898307709,-31.0337127107,-9.178867493599999
-0.8075776275,39.199219833200004,-4.8765724588
-0.8889335959,39.199219833200004,6.632904247199999
0.6963113766000001,-30.333812100200003,4.2819560427
0.9140582332,-39.199219833200004,-6.0562340006
-0.5647061336,35.172099397400004,-8.6572321668
1.0911271056,-39.199219833200004,1.0504491214
0.4390829471,-26.739792554999998,-9.7399843933
-0.8231309743999999,39.199219833200004,-3.5150563993999997
-0.7393821834000001,39.199219833200004,7.2311098972
1.0253244841,-39.199219833200004,2.6249263922
0.8662017812,-39.199219833200004,-7.2933232848
-0.5623133109999999,33.990045033,-7.8053873212000005
-0.9020941202,39.199219833200004,2.3928226
-0.0538385085,10.716256014099999,6.5060846494
1.160518961,-39.199219833200004,-0.4761716974
0.1339980656,-13.591232368,-9.9218389109
0.39960137419999997,-20.7278257725,-1.615155255
-0.7322037156,39.199219833200004,6.029912952
-0.40558343069999997,14.506487012500001,-8.626125473
-0.9619146851999999,39.199219833200004,-0.1088734283
-0.5180460929,39.199219833200004,6.756134611099999
0.9224331123,-39.199219833200004,3.2805597846
0.8434699665000001,-38.8690103144,-7.637889739199999
-0.6436692794,37.8508642981,-6.9499532417
-1.0875378717,39.199219833200004,2.488535504
-0.3613162126,25.749163998599997,6.976274290299999
1.1006983959999999,-39.199219833200004,3.0065815969000003
0.7609175868,-39.199219833200004,-6.1543397272
-0.5407779076,22.145573162999998,-9.2769732202
0.8542376682,-39.199219833200004,4.3250268494999995
0.9870393224999999,-39.199219833200004,-7.088736952500001
-0.46540399569999996,32.2169634864,-8.5818582549
-1.0277173067,39.199219833200004,2.2121644937
-0.1483550012,16.863417273499998,7.920242806
1.2107682356,-39.199219833200004,0.1902293967
0.3613162126,-25.316063108,-8.6560357555
-0.8362914987,39.199219833200004,-5.5800623032
-0.9607182739,39.199219833200004,5.9988062582
0.454636294,-15.4791693994,5.5716874241
1.2035897678,-39.199219833200004,-3.46959277
-0.7824529901999999,39.199219833200004,6.6963140460999995
0.8458627891,-34.618160965499996,3.8584264425
0.8518448456000001,-39.199219833200004,-5.5920264161999995
-0.5324030285,32.06382284,-8.3653078096
-0.9762716208,39.199219833200004,3.2937203089
-0.0370887503,7.7671021596,6.6987068686999995
1.2215359373,-39.199219833200004,-1.3220344865
-0.0586241537,-7.6343005053,-9.5042913672
-0.9080761767,39.199219833200004,-1.6342978358
-0.6041877065,39.199219833200004,7.459624455499999
1.2550354537,-39.199219833200004,1.1581261384000001
0.6376872229,-36.1722992442,-8.1762748242
-0.8183453291999999,39.199219833200004,-6.1710894854
1.1581261384000001,-39.199219833200004,-0.3840480273
0.2344966148,-21.352352471099998,-9.4672026169
-0.8255237969999999,39.199219833200004,-3.1214370817
-0.8195417405,39.199219833200004,6.820740821299999
0.8590233134,-36.416367149399996,3.4887353508000003
0.7621139981,-39.199219833200004,-7.082754896
-0.6580262149999999,39.199219833200004,-6.8733829185
-0.95712904,39.199219833200004,5.9473605723
0.5575276658,-20.1200488321,4.8658047571
1.028913718,-39.199219833200004,-5.395814963
-0.5312066172,30.305098229,-8.267202082999999
-0.9655039191,39.199219833200004,4.5116670123
0.21894326790000002,-3.1417760738,6.077769404
1.2059825904,-39.199219833200004,-3.4995030524999997
-0.3613162126,10.7186488367,-9.4719882621
-0.945164927,39.199219833200004,1.280160091
-0.191425808,24.0287245492,6.964310177300001
1.2430713407,-39.199219833200004,-0.7489534738
-0.9032905315,39.199219833200004,5.0033920566
0.48335016519999996,-16.5427790451,4.9938207662
1.0384850084,-39.199219833200004,-4.4805603185
-0.4331008906,22.5152642547,-8.6333039408
-0.9403792818,39.199219833200004,3.2482566795000003
0.0299102825,2.1726829208,6.644868360199999
1.2825529136,-39.199219833200004,-2.7230321187999995
-0.24287149389999999,1.4261222696,-9.2015993083
-0.8673981925,39.199219833200004,-0.394815729
-0.39361931769999997,32.0135735654,7.082754896
1.0995019847,-39.199219833200004,1.0121639598
0.33738798659999997,-24.6556440704,-9.1058864043
